App,Sentiment_Polarity
10 Best Foods for You,0.4707328206587227
104 ÊâæÂ∑•‰Ωú - ÊâæÂ∑•‰Ωú ÊâæÊâìÂ∑• ÊâæÂÖºËÅ∑ Â±•Ê≠∑ÂÅ•Ê™¢ Â±•Ê≠∑Ë®∫ÁôÇÂÆ§,0.3924045634920635
11st,0.18594278406778406
1800 Contacts - Lens Store,0.3181447736291486
1LINE ‚Äì One Line with One Touch,0.19629029961266803
2018Emoji Keyboard üòÇ Emoticons Lite -sticker&gif,0.4495659722222222
21-Day Meditation Experience,0.25801367845117845
"2Date Dating App, Love and matching",0.2802671702652353
2GIS: directory & navigator,0.22312904265873015
2RedBeans,0.4121991790261021
2ndLine - Second Phone Number,0.16896820887445888
30 Day Fitness Challenge - Workout at Home,0.33353687339286414
365Scores - Live Scores,0.4383116883116883
3D Live Neon Weed Launcher,0.5681818181818181
4 in a Row,0.28114351851851854
4K Wallpapers and Ultra HD Backgrounds,0.17932800224466894
591ÊàøÂ±ã‰∫§Êòì-ÁßüÂ±ã„ÄÅ‰∏≠Âè§Â±ã„ÄÅÊñ∞Âª∫Ê°à„ÄÅÂØ¶ÂÉπÁôªÈåÑ„ÄÅÂà•Â¢ÖÈÄèÂ§©„ÄÅÂÖ¨ÂØìÂ•óÊàø„ÄÅÊç∑ÈÅã„ÄÅË≤∑ÊàøË≥£ÊàøË°åÊÉÖ„ÄÅÊàøÂÉπÊàøË≤∏Êü•Ë©¢,0.08079241071428571
591ÊàøÂ±ã‰∫§Êòì-È¶ôÊ∏Ø,0.22291666666666668
7 Cups: Anxiety & Stress Chat,0.3246701388888889
7 Day Food Journal Challenge,0.18941137566137567
7 Minute Workout,0.41027777777777774
7 Weeks - Habit & Goal Tracker,0.14282013621299336
8 Ball Pool,0.0012520071606734009
850 Sports News Digest,0.5428597480561766
8fit Workouts & Meal Planner,0.2648642413061273
95Live -SG#1 Live Streaming App,0.06900233100233101
A Call From Santa Claus!,0.008293862999745357
A Word A Day,0.2772727272727273
A&E - Watch Full Episodes of TV Shows,0.35388257575757576
A+ Gallery - Photos & Videos,0.2088149162103866
A+ Mobile,0.3295922619047619
ABC Kids - Tracing & Phonics,0.36777017277017277
ABC News - US & World News,-0.04236183905380334
ABC Preschool Free,0.22080488040123458
ABCmouse.com,0.18250385802469135
AC - Tips & News for Android‚Ñ¢,0.09841655071119357
ACE Elite,0.25217091550424886
"AD - Nieuws, Sport, Regio & Entertainment",0.16182364314883113
AMC Theatres,0.13569444444444442
ANA,-0.026024764844209285
"AOL - News, Mail & Video",0.09218199309108398
AP Mobile - Breaking News,0.1951159148207759
APE Weather ( Live Forecast),0.4323232323232323
"APUS Launcher - Theme, Wallpaper, Hide Apps",0.44747311827956987
ARY NEWS,0.23374426078971533
ARY NEWS URDU,0.24342580213903742
ASOS,0.31691663660413655
ASUS Calling Screen,0.06316393097643097
ASUS Cover for ZenFone 2,0.07638888888888888
ASUS Quick Memo,0.02916666666666665
ASUS Sound Recorder,0.5167708333333333
ASUS SuperNote,0.19279142355229312
"AT&T Navigator: Maps, Traffic",0.07130096542927515
AT&T Smart Wi-Fi,0.1895487012987013
AT&T Visual Voicemail,0.029975541125541127
"AVG Cleaner ‚Äì Speed, Battery & Memory Booster",0.2736637188208617
Abs Training-Burn belly fat,0.21741882334004728
Account Manager,-0.08763520281275963
Accounting App - Zoho Books,0.44866448692152916
AccuWeather: Daily Forecast & Live Weather Reports,0.20072330975773356
Acorn TV: World-class TV from Britain and Beyond,0.0860583905828471
Acorns - Invest Spare Change,0.04666666666666667
AdWords Express,0.1948439393939394
Ada - Your Health Guide,0.3032562929106828
Add Text To Photo,0.22970324746060042
Adobe Acrobat Reader,0.15506166298122315
Adobe Photoshop Express:Photo Editor Collage Maker,0.18538849807599805
Advanced Task Killer,0.13885152116402114
Agar.io,-0.06060223338072603
Age Calculator,0.1313830266955267
Agoda ‚Äì Hotel Booking Deals,0.4795306122448979
Air Traffic,0.29464074593335954
AirAsia,-0.1036063011063011
AirBrush: Easy Photo Editor,0.3520497384559884
Airbnb,0.1080045398230162
Airport + Flight Tracker Radar,0.08928481240981238
Airway Ex - Intubate. Anesthetize. Train.,0.22094190098096347
Akinator,-0.01489888966932038
AlReader -any text book reader,0.2455511849261849
Alarm Clock,0.17466728294853293
Alarm Clock Free,0.15576177498971616
Alfred Home Security Camera,0.33757424242424244
"AliExpress - Smarter Shopping, Better Living",0.038380545534712186
All Email Providers,0.21500000000000002
All Events in City,0.5028597402597402
All Football - Latest News & Videos,0.43206329477813854
"All Football GO- Live Score, Games",0.5265151515151515
All Language Translator Free,0.3927835497835498
All Maths Formulas,0.354636544011544
All Mental disorders,0.1986024636532449
All Social Networks,-0.10641024212715389
All Video Downloader 2018,0.3826797385620915
"All-In-One Toolbox: Cleaner, Booster, App Manager",0.26733509335782063
All-in-One Mahjong 3 FREE,0.5
Allegiant,0.2333333333333333
Allrecipes Dinner Spinner,0.2729995443153338
Alto's Adventure,0.03982694182829145
Amazon Drive,0.1298491985987103
"Amazon FreeTime ‚Äì Kids‚Äô Videos, Books, & TV shows",0.3425348246524717
Amazon Kindle,0.06519186713433872
Amazon Prime Video,0.46111111111111114
Amazon Shopping,0.1820225865037373
Amazon for Tablets,0.10113604797979796
American Airlines,-0.07563614410998132
Amex Mobile,0.17566632595799261
Amino: Communities and Chats,0.04758960435151364
Amtrak,-0.028284245516388376
Anatomy Learning - 3D Atlas,0.22653244999599165
Ancestry,0.27263030438253655
AndroZip‚Ñ¢ FREE File Manager,0.11732338494838494
"Android Auto - Maps, Media, Messaging & Voice",0.28779230407542616
Android Messages,0.071675937548939
Anger of stick 5 : zombie,0.11944444444444441
Angry Birds 2,0.002282199760648026
Angry Birds Classic,-0.007537394764251821
Angry Birds Rio,-0.038924252279907035
Animal Planet GO,0.2735714285714286
Animated Photo Editor,0.29185714285714287
Anime Avatar Creator: Make Your Own Avatar,0.20215771508819977
Anime Manga Coloring Book,0.3609907670454546
Anthem Anywhere,-0.08797731435231436
Anthem BC Anywhere,-0.12323348694316437
"Any.do: To-do list, Calendar, Reminders & Planner",0.21603763727971087
Apartment Decorating Ideas,0.245
"Apartment List: Housing, Apt, and Property Rentals",0.4664228723404255
"Apartment, Home Rental Search: Realtor.com Rentals",-0.003732900432900429
Apartments & Rentals - Zillow,0.29299168634395906
Apartments.com Rental Search,0.07240305487588096
Apex Launcher,0.1061327486171236
Apk Installer,0.19391694725028058
App vault,-0.04353505760732322
AppLock,0.016233349983349996
AppLock - Fingerprint,0.20993951418951418
Apple Daily ËòãÊûúÂãïÊñ∞ËÅû,0.08276605928566712
Aprender ingl√©s con Wlingua,0.3996215213358071
Archos File Manager,0.1152958152958153
Arrow.io,0.08073817355889723
Asana: organize team projects,0.2306454630830486
Ascape VR: 360¬∞ Virtual Travel,0.1509645061728395
Asphalt 8: Airborne,0.004450410725820944
Associated Credit Union Mobile,0.3880928287981859
Asteroids 3D live wallpaper,0.253524397462264
Atlan3D Navigation: Korea navigator,0.2781841981321148
AutoCAD - DWG Viewer & Editor,0.11960119548661215
AutoScout24 Switzerland ‚Äì Find your new car,0.4169514157014157
Avakin Life - 3D virtual world,0.08085916643028912
Aviary Effects: Classic,0.10624119358661768
Aviary Stickers: Free Pack,0.0658285525785526
Azar,0.06840380917580306
Azpen eReader,0.24262422360248445
B612 - Beauty & Filter Camera,0.08178212791982326
BBC Media Player,-0.028519833754208763
BBC News,0.0969990437252342
BBC Sport,0.16657655269900168
BBM - Free Calls & Messages,0.1544232523738662
BBVA Compass Banking,0.2055902244649166
BBVA Spain,0.515085705540251
BBW Dating & Curvy Singles Chat- LargeFriends,0.18276632996632997
BBW Dating & Plus Size Chat,0.13124668499668501
BBWCupid - BBW Dating App,0.12691173304809666
BELONG Beating Cancer Together,0.35058287290195184
BEST CAR SOUNDS,0.3076986076986077
BET NOW - Watch Shows,0.0510880756974507
BEYBLADE BURST app,-0.01392739590656258
BIG Launcher,0.18498650308025308
BLK - Swipe. Match. Chat.,0.30767763519549235
BZWBK24 mobile,0.3268825522303783
BaBe - Baca Berita,0.18680555555555553
BaBe Lite - Baca Berita Hemat Kuota,0.31442307692307697
BaBe+ - Berita Indonesia,0.365625
Babbel ‚Äì Learn Languages,0.3916361531986532
Babbel ‚Äì Learn Spanish,0.3093640734265734
Baby ABC in box! Kids alphabet games for toddlers!,0.28577512577512576
Baby Monitor,0.2742230725623583
Baby Name Together,0.2859856284856285
Baby Panda Care,0.17201893939393936
Baby Panda Learns Shapes,0.2475370012870013
Baby Panda Musical Genius,0.2277602521352521
Baby Panda‚Äôs Juice Shop,0.10833333333333328
Baby Tiger Care - My Cute Virtual Pet Friend,0.19518518518518518
Baby puzzles,0.07949984276689925
"Baca- Berita Terbaru, Informasi, Gosip dan Politik",0.2440754132231405
Backgrounds (HD Wallpapers),0.26443175805675806
Backgrounds HD (Wallpapers),0.35387590187590184
BaconReader for Reddit,0.2280863229009162
Bad Piggies,0.007940659648845768
Badoo - Free Chat & Dating App,0.1284891774891775
Bagan - Myanmar Keyboard,0.29119916907636634
Banco Ita√∫,0.07654520652958152
Banco do Brasil,0.22347267316017314
Bancomer m√≥vil,-0.07185252074314573
Banfield Pet Health Tracker,0.08254051373973248
Bangla Newspaper ‚Äì Prothom Alo,0.1693530701754386
Banjo,0.23085021228771227
Bank of America Mobile Banking,0.1800268291975881
BankMobile Vibe App,0.35345457682414205
Banorte Movil,0.116998667998668
Banque Populaire,0.032322092452300805
Barbie Life‚Ñ¢,0.16261297182349813
Barbie Magical Fashion,0.08473276471512356
Barbie‚Ñ¢ Fashion Closet,0.048600288600288595
Barclays US for Android,0.017928003998316493
Barcode Scanner,0.38627013377013375
Baritastic - Bariatric Tracker,0.41827673686267436
Baseball Boy!,0.012272397197141398
Basketball FRVR - Shoot the Hoop and Slam Dunk!,0.1024642857142857
Basketball Stars,0.013905112685626995
Bathroom Decorating Ideas,0.36267578125
Battlelands Royale,0.040406194848324126
Be A Legend: Soccer,-0.09925060033337468
BeSoccer - Soccer Live Score,0.3567684784351451
BeWild Free Dating & Chat App,0.17037221276530484
Beautiful Design Birthday Cake,0.2703075396825396
Beautiful Widgets Free,0.013460700757575748
Beautiful Widgets Pro,0.17941837105155556
Beauty Camera - Selfie Camera,0.19999366181657846
Beauty Makeup Snappy Collage Photo Editor - Lidow,0.1532142857142857
BeautyPlus - Easy Photo Editor & Selfie Camera,0.3
Bed Time Fan - White Noise Sleep Sounds,0.78125
Best Car Wallpapers,-0.13333333333333328
Best Fiends - Free Puzzle Game,0.3249999999999999
Best Ovulation Tracker Fertility Calendar App Glow,0.5953125
"Best Wallpapers Backgrounds(100,000+ 4K HD)",0.30042929292929293
Best Wallpapers QHD,0.4722514455782313
"BestCam Selfie-selfie, beauty camera, photo editor",-0.03798581048581047
BetterMe: Weight Loss Workouts,0.29227532274407275
Betterment,0.14325219763259925
BeyondMenu Food Delivery,0.4087426900584795
BeyondPod Podcast Manager,0.1124582652900175
Bible,0.36349543739121704
Big Days - Events Countdown,0.28541372721928276
"BigOven Recipes, Meal Planner, Grocery List & More",0.3282224025974026
"BiggerCity: Chat for gay bears, chubs & chasers",0.21167546399141793
Bike Computer - GPS Cycling Tracker,0.28197840354090353
Binaural Beats Meditation,0.35351810515873017
Binaural Beats Therapy,0.2832687528520862
BioLife Plasma Services,0.15480616605616607
Birdays ‚Äì Birthday reminder,0.35544993857493856
Birds Sounds Ringtones & Wallpapers,0.3507882882882883
Black People Meet Singles Date,0.24934125871422946
Block Puzzle,0.035221354404960235
Block Puzzle Classic Legend !,0.15090698653198653
Blogaway for Android (Blogger),0.19725448933782266
Blogger,0.12512580694159642
Bloglovin',0.13395250871813372
Blood Donor,0.20522144852501994
Blood Pressure,0.44494301994301994
Blood Pressure Log - MyDiary,0.32505491150053645
Blood Pressure(BP) Diary,0.08768325424575425
Bloomberg Professional,-0.023352723665223663
Bloomberg: Market & Financial News,0.054705447330447333
Blossom Blast Saga,0.005714461079044404
BluTV,0.28028073593073594
Blur Image Background,0.372717803030303
Blur Image Background Editor (Blur Photo Editor),0.23310994560994563
Booking.com Travel Deals,0.014176835317460314
Bowmasters,0.06141544934739928
Box,0.41000050875050875
Boxed Wholesale,0.28700849999248434
Boys Photo Editor - Six Pack & Men's Suit,0.28350877192982454
Brain Waves - Binaural Beats,0.22173148899711398
Branch,0.26422979797979795
Brasileir√£o Pro 2018 - S√©rie A e B,0.5508720238095238
"Breaking News, Local news, Attacks and Alerts Free",0.21704599412932749
Brightest Flashlight Free ¬Æ,0.4925714285714286
Brightest LED Flashlight,0.3741989087301587
Brilliant,0.2416548327664399
Brit + Co,0.12312466179653678
British Airways,0.20510616367759224
Browser 4G,0.33708361185383245
Bualuang mBanking,0.004322019211725096
Bubble Shooter,0.2536763602776534
Bubble Shooter 2,0.28484848484848485
Bubble Shooter Genies,0.04798845598845597
Bubble Shooter Space,0.18493055555555551
Bubble Witch 3 Saga,0.06538467779287191
Buienradar - weer,0.08678947292786578
Build a Bridge!,0.08835631019497298
Bukalapak - Jual Beli Online,0.009039564506154375
BukuBayi - Perkembangan Bayi,0.31515734265734263
Burner - Free Phone Number,0.06530092592592592
Buscap√© - Ofertas e descontos,0.4708333333333334
Business Calendar 2,0.20114111302290014
Butterfly Live Wallpaper,0.390275974025974
Buzz Launcher-Smart&Free Theme,0.20134484370347466
"BuzzFeed: News, Tasty, Quizzes",0.1992963335568969
"B√ÅO M·ªöI - ƒê·ªçc B√°o, Tin T·ª©c 24h",0.10828208556149731
C Programming,0.2768000669964955
C++ Programming,0.19645104943282027
C++ Tutorials,0.5309259259259259
CAIXA,-0.0890148438163144
CALCU‚Ñ¢ Stylish Calculator Free,0.3525981620718463
CATS: Crash Arena Turbo Stars,0.028953154691858055
CBS News,0.0
"CBS Sports App - Scores, News, Stats & Watch Live",0.16390708611411733
CBS Sports Fantasy,0.24850236370438392
CDL Practice Test 2018 Edition,0.24112599206349206
CIA - Caller ID & Call Blocker,0.21781462585034012
"CM Browser - Ad Blocker , Fast Download , Privacy",0.012500000000000011
"CM Flashlight (Compass, SOS)",0.55625
"CM Launcher 3D - Theme, Wallpapers, Efficient",0.2824789562289562
CM Locker - Security Lockscreen,0.24005452304247984
CMB Free Dating App,0.2917571204040017
CNBC: Breaking Business News & Live Market Data,0.24770376373317549
CNN Breaking US & World News,0.057347888966192535
COOKING MAMA Let's Cook!,0.21892208651137224
CVS Caremark,0.1919080225330225
CW Seed,0.3055693342151675
CWT To Go,0.28675125313283206
Cache Cleaner-DU Speed Booster (booster & cleaner),0.27852109695859695
Caf - Mon Compte,0.1
"Calculator - free calculator, multi calculator app",-0.0375
Calculator - unit converter,0.1833333333333333
Calculator Plus Free,0.16666666666666666
Calculator with Percent (Free),0.03197278911564625
Calendar Widget Month + Agenda,0.15
Calendar+ Schedule Planner App,0.3190705128205128
Call Blocker,0.02797258297258297
Call Control - Call Blocker,-0.041666666666666664
Call of Duty:Black Ops Zombies,-0.16211950231481478
"CallApp: Caller ID, Blocker & Phone Call Recorder",0.3907407407407408
Caller ID +,0.35
Calls & Text by Mo+,0.4666666666666666
Calls Blacklist - Call Blocker,0.12416233766233765
"Calm - Meditate, Sleep, Relax",0.2895242009211789
Calorie Counter & Diet Tracker,0.229177692374865
Calorie Counter - EasyFit free,0.3480287178805847
Calorie Counter - Macros,0.24751868247122885
Calorie Counter - MyFitnessPal,0.21652262369662179
Calorie Counter - MyNetDiary,0.37584199559148174
Cameringo Lite. Filters Camera,0.7702690972222223
Candy Bomb,0.3274031986531986
"Candy Camera - selfie, beauty camera, photo editor",0.19527792017923598
Candy Crush Jelly Saga,-0.09233435751843284
Candy Crush Saga,0.03106786541005292
Candy Crush Soda Saga,-0.057079365716447526
Candy Day,0.19246436403508768
Candy Pop Story,0.04241514756944442
Candy Smash,0.1572673611111111
"Candy selfie - photo editor, live filter camera",0.37279761904761904
"Canva: Poster, banner, card maker & graphic design",0.20483956893496366
Canvas Student,0.12500000000000003
Cat Sim Online: Play with Cats,0.18089609339033005
Caviar - Food Delivery,0.21737478089040588
Chakra Cleansing,0.42473518668831167
Championat,0.19844806447410612
Chapters: Interactive Stories,0.14904506568386022
Chase Mobile,0.048165996701710984
"Chat Rooms, Avatars, Date - Galaxy",0.1380524855853803
ChatVideo Meet new people,0.23191982566982566
Cheap Flights & Hotels momondo,0.18377557627557628
Cheap hotel deals and discounts ‚Äî Hotellook,0.2564173789173789
"CheapTickets ‚Äì Hotels, Flights & Travel Deals",0.2941989422458173
Cheapflights ‚Äì Flight Search,0.42191239316239315
CheckPoints üèÜ Rewards App,0.27638016323953823
Checkers ‚úîÔ∏è,0.06483468113676447
Checkout 51: Grocery coupons,0.13048614579864576
Choice Hotels,0.2987896825396825
Choices: Stories You Play,0.03367840233861161
Christian Dating For Free App,0.09802603289938563
Chrome Beta,0.23162517246398823
Chrome Dev,0.333793360519551
Cinemark Theatres,0.07015540674603174
Cisco Webex Meetings,0.10357702482702483
Cisco Webex Teams,0.1294181246993747
Citi Mobile¬Æ,-0.03873065476190478
Citibanamex Movil,0.15006144781144778
Citizens Bank Mobile Banking,0.013179054741554742
CityMaps2Go Plan Trips Travel Guide Offline Maps,0.31709577922077925
Claro,-0.07208184523809524
Clash Royale,0.06915710869708802
Clash of Clans,0.03675568156290556
Color Flashlight,0.17583333333333334
Color Road,-0.05935675703532847
Color Touch Effects,0.11572042084377611
Color by Number - Draw Sandbox Pixel Art,0.1395563554802685
Color by Number ‚Äì New Coloring Book,0.16885633604383601
ColorFil - Adult Coloring Book,0.18612149019961519
ColorNote Notepad Notes,0.27565456465959975
ColorSnap¬Æ Visualizer,0.02439102564102565
Colorfit - Drawing & Coloring,0.1718359526825084
Colorful Glitter Neon Butterfly Keyboard Theme,0.20640625
Colorfy: Coloring Book for Adults - Free,0.04678487879117243
Coloring & Learn,0.41382226874003186
Coloring book moana,0.15265151515151515
Comedy Central,0.17142376628681774
Common Core,-0.008810779993815729
Comptia A+ 220-901 & 220-902,0.5007922824302135
ConnectLine,0.13801162883082524
Contacts,0.012248710230089456
Contacts+,0.41081458319945163
Content Transfer,0.1630472817836099
ConvertPad - Unit Converter,0.22344972943722943
Cookbook Recipes,0.565437038093288
Cooking Channel,0.364018944018944
Cooking Fever,-0.042331442605593655
Cooking Madness - A Chef's Restaurant Games,0.013550644982006574
Cookpad,0.2574367684784351
Cool Popular Ringtones 2018 üî•,0.20348488136574072
Cool Reader,0.11584079160970608
Couch to 10K Running Trainer,0.33737879109977326
Couch to 5K by RunDouble,0.27732642225499365
Couchsurfing Travel App,0.24728937266437265
Cougar Dating Life : Date Older Women Sugar Mummy,0.32457028157028156
Couple - Relationship App,0.30442296156254967
Credit Karma,0.2700516800659658
Credit Sesame,0.08866738579403051
CreditWise from Capital One,0.23945429387863595
Crew - Free Messaging and Scheduling,0.4173319523358586
Cricbuzz - Live Cricket Scores & News,0.09701201393635603
Cricket Visual Voicemail,0.062002591819556106
Crossy Road,0.21585128145848675
Crunchyroll - Everything Anime,0.17751003336940835
Current debit card and app made for teens,0.3272583733540765
Curriculum vitae App CV Builder Free Resume Maker,0.3937034821903243
Curso de Ingles Gratis,0.49990240240240236
Cut the Rope 2,0.14827543557265777
Cut the Rope FULL FREE,0.013067753887269178
Cycling - Bike Tracker,0.3521468253968254
"Cymera Camera- Photo Editor, Filter,Collage,Layout",0.419417735042735
Czech Public Transport IDOS,0.2510749072356215
DC Comics,0.4924897443826015
DC Super Hero Girls‚Ñ¢,0.33400902406417116
DEAD TARGET: FPS Zombie Apocalypse Survival Games,0.06681826118326117
DEER HUNTER 2018,-0.3833333333333333
DELISH KITCHEN - ÁÑ°Êñô„É¨„Ç∑„ÉîÂãïÁîª„ÅßÊñôÁêÜ„ÇíÊ•Ω„Åó„Åè„ÉªÁ∞°Âçò„Å´ÔºÅ,0.38727222222222224
DINO HUNTER: DEADLY SHORES,0.022312567688483907
DIY Garden Ideas,0.4440441176470588
DIY On A Budget,0.44806264074729985
DMV Permit Practice Test 2018 Edition,0.29566032132549985
DRAGON BALL LEGENDS,0.0995493397768312
DSLR Camera Hd Ultra Professional,0.0769517543859649
DStv Now,0.023143659003034004
DU Browser‚ÄîBrowse fast & fun,0.17726609823708034
"DU Recorder ‚Äì Screen Recorder, Video Editor, Live",0.22418691689058068
Daily Workouts - Exercise Fitness Routine Trainer,0.8
Daily Yoga - Yoga Fitness Plans,0.2570176467051467
"Dailyhunt (Newshunt) - Latest News, Viral Videos",-0.06614583333333332
Dairy Queen,0.1894097222222222
Daniel Tiger for Parents,0.2796296296296296
DashClock Widget,0.0333333333333333
Dashlane Free Password Manager,0.1707539682539683
"Dating App, Flirt & Chat : W-Match",0.3016666666666667
Dating for 50 plus Mature Singles ‚Äì FINALLY,0.3325396825396825
Daum Mail - Îã§Ïùå Î©îÏùº,0.266
Davis's Drug Guide,-0.10000000000000002
Davis's Drug Guide for Nurses,0.3148148148148148
Debonairs Pizza,0.0465277777777778
"Delivery Club‚Äì–î–æ—Å—Ç–∞–≤–∫–∞ –µ–¥—ã:–ø–∏—Ü—Ü–∞,—Å—É—à–∏,–±—É—Ä–≥–µ—Ä,—Å–∞–ª–∞—Ç",0.0757676568223443
Delta Dental,-0.08418477182539683
Despegar.com Hoteles y Vuelos,0.26372964997965
Detector de Radares Gratis,0.42858539310152216
Device Help,0.09639573827073826
Diabetes & Diet Tracker,0.36362731075231075
Diabetes:M,0.3179679035352112
Diamond Zipper Lock Screen,0.15973039215686274
Diary with lock,0.2837633405132804
Diary with lock password,0.29226684227776883
Dictionary - Merriam-Webster,0.23873106060606059
Die TK-App ‚Äì alles im Griff,0.16437022339800117
Digg,0.042700314836678466
DigiCal Calendar Agenda,0.1682127041637911
Digit Save Money Automatically,0.250246308750773
Digital Alarm Clock,0.34107329093987326
Dil Mil,-0.06348243861938717
Dino War: Rise of Beasts,0.059137009742168456
Dinosaur Simulator: Dino World,-0.01314102564102564
Discover Mobile,-0.0416666666666666
Disney Heroes: Battle Mode,-0.005000000000000001
Disney Magic Kingdoms: Build Your Own Magical Park,0.08702965526958688
DisneyNOW ‚Äì TV Shows & Games,0.2039919593979968
Divar,0.18834069067327994
Do It Later: Tasks & To-Dos,0.1682022607022607
Docs To Go‚Ñ¢ Free Office Suite,0.20629078483245147
Doctor On Demand,0.38842992173721336
Doctor Pets,0.16880208333333332
Dog Licks Screen Wallpaper,0.22525030371997284
Dog Run - Pet Dog Simulator,0.13709855403348553
Dog Sim Online: Raise a Family,0.17529423701298708
Domino's Pizza USA,0.20907864159338213
Dominos Game ‚úîÔ∏è,0.023215534465534458
"Domofond –ù–µ–¥–≤–∏–∂–∏–º–æ—Å—Ç—å. –ö—É–ø–∏—Ç—å, —Å–Ω—è—Ç—å –∫–≤–∞—Ä—Ç–∏—Ä—É.",0.1653419314603525
Doodle Jump,0.11363000290604457
Door Lock Screen,0.5166216422466423
DoorDash - Food Delivery,0.07240710302429051
Dosecast - Medication Reminder,0.29914956069150145
Down Dog: Great Yoga Anywhere,0.2918472637721826
Dr. Oetker Rezeptideen,0.3120252976190476
Dr. Panda & Toto's Treehouse,0.180236682925485
Dr. Panda Restaurant 3,-0.09746777119938886
Dr. Panda Town: Vacation,0.09280715004396645
DraftKings - Daily Fantasy Sports,0.3123335537918871
Dragon Hills,0.040340518278018246
Draw A Stickman,-0.15
Draw In,-0.1341666666666666
Draw Your Game,-0.6684895833333333
Draw a Stickman: EPIC 2,0.0999999999999999
Drawing for Kids Learning Games for Toddlers age 3,0.3866666666666666
Dream League Soccer 2018,-0.0005180776014110008
DreamTrips,0.3712767777565572
DreamWorks Friends,-0.0017880828486889144
Dresses Ideas & Fashions +3000,0.4306034482758621
Droid Zap by Motorola,-0.04053738275613276
DroidAdmin for Android - Advice,0.12617521367521367
Dropbox,0.23633052505790994
Drugs.com Medication Guide,0.24735357887601475
Dude Perfect 2,0.1169023559743807
Dumb Ways to Die 2: The Games,0.027208249239499233
Dungeon Hunter Champions: Epic Online Action RPG,-0.034255807849557854
Dunkin' Donuts,0.1965599297808238
Duolingo: Learn Languages Free,0.20040773809523807
DuraSpeed,-0.03404401154401155
E*TRADE Mobile,0.15327341401364838
"Easy - taxi, car, ridesharing",0.2973105276366146
Easy Hair Style Design,0.4902037037037037
Easy Healthy Recipes,0.445762473876698
Easy Installer - Apps On SD,-0.009110334110334113
Easy Makeup Tutorials,0.2819713754609588
Easy Origami Ideas,0.09945261437908497
Easy Recipes,0.27053819444444444
Easy Voice Recorder,0.4358370518370518
EasyBib: Citation Generator,0.07183166248955723
Eat Fit - Diet and Health Free,0.2450441468253968
Eat24 Food Delivery & Takeout,0.1716105214230214
EatStreet Food Delivery App,0.3832653026403026
"Ebates: Cash Back, Coupons, Rewards & Savings",0.22538709463051565
Ebook Reader,0.34253248776686274
Ecobank Mobile Banking,-0.014860031943365276
Edmodo,0.40415553494124923
Educational Games 4 Kids,0.1943595257082099
Educational Games for Kids,0.3065564373897707
El tiempo de AEMET,0.18751404349618636
English with Lingualeo,0.13516865079365076
English-Myanmar Dictionary,0.3935134237107921
Entel,0.018577117327117344
Enterprise Rent-A-Car,0.2556781798448465
Episode - Choose Your Story,0.08027377437170963
Epocrates Plus,0.299594696969697
Equestria Girls,0.04380837742165866
Essential Anatomy 3,0.2255163032858345
Essential Resources,0.28141962312860747
Etsy: Handmade & Vintage Goods,0.3054831433998101
Etta Homes,0.34462250712250714
Eurosport,0.04904455741626794
"Eve Period Tracker - Love, Sex & Relationships App",0.5050367080835831
"Even - organize your money, get paid early",0.2839285714285714
"Evernote ‚Äì Organizer, Planner for Notes & Memos",0.08409023930833825
Evie Launcher,0.27792823212907847
ExDialer - Dialer & Contacts,0.2713527987019366
"Expedia Hotels, Flights & Car Rental Travel Deals",0.09299215649801587
Expense IQ Money Manager,0.22750618948703624
Experian - Free Credit Report,0.1705043708304578
Extreme Car Driving Simulator,-0.07361111111111115
Extreme Coupon Finder,0.07121421485260769
Extreme Match,0.19446454876142374
Extreme Racing 2 - Real driving RC cars game!,0.02366732804232804
EyeCloud,0.11717855447022113
EyeEm - Camera & Photo Filter,0.3380653936903937
EzCalculator,0.37776996943115365
FBReader: Favorite Book Reader,0.2777048112144266
FERZU - Furries Social Network,0.08186532214817471
"FIFA - Tournaments, Soccer News & Live Scores",0.06825822325822326
FINAL FANTASY BRAVE EXVIUS,0.07081548550701007
FOSSIL Q: DESIGN YOUR DIAL,0.2397669880624426
FOX,0.21398402523402524
FOX NOW - On Demand & Live TV,0.04809023630759121
"FOX Sports: Live Streaming, Scores & News",0.3132563003775125
FREEDOME VPN Unlimited anonymous Wifi Security,0.31363636363636366
"FUN Keyboard ‚Äì Emoji Keyboard, Sticker,Theme & GIF",0.25675
"Fabulous: Motivate Me! Meditate, Relax, Sleep",0.19199594209527243
"Face Filter, Selfie Editor - Sweet Camera",0.19428104575163396
Facebook,-0.007002902024896398
Facebook Ads Manager,0.20340053597196453
Facebook Lite,-0.0009910877556351672
Facebook Local,0.1336416983933725
Facebook Pages Manager,-0.061082728545963846
Facetune - Ad Free,0.4320605655682186
Fake Call - Fake Caller ID,0.2977941730740238
Fallout Shelter,0.17023214882331378
Family Album Mitene: Private Photo & Video Sharing,0.4325875840980008
Family Dollar,0.24816588074623788
Family GPS Tracker and Chat + Baby Monitor Online,0.4174351136851137
Family GPS tracker KidControl + GPS by SMS Locator,0.21120309658151454
Family Locator - GPS Tracker,0.35857535238513494
FamilySearch Tree,0.20932583022687187
FanDuel: Daily Fantasy Sports,0.28708349731077004
Fancy Widgets,0.2142135145323051
Fandango Movies - Times + Tickets,0.14260188855156386
Fantasy Football,0.0625806329338938
Fantasy Football & NFL News,0.4212411580793934
Fantasy Football Manager (FPL),0.29987097869450813
Farm Fruit Pop: Party Time,0.16502772177419353
Farm Heroes Saga,-0.011810531860815964
Farming Simulator 14,0.05812792225476048
Farming Simulator 18,0.06446713240463238
Fashion in Vogue,0.05532565701260391
Fast News,0.3463034188034188
Fast Scanner : Free PDF Scan,0.3130631605631605
Fast Secure VPN,0.1791001133060992
"FastMeet: Chat, Dating, Love",0.3441734006734007
Fat Burning Workout - Home Weight lose,0.17526900953984287
Fate/Grand Order (English),0.06088093070124321
FidMe Loyalty Cards & Deals at Grocery Supermarket,0.22026761117670207
File Browser by Astro (File Manager),0.11199179292929291
File Explorer,0.25958281573498965
File Manager,0.06183281680440773
File Manager -- Take Command of Your Files Easily,0.21464646464646464
Files Go by Google: Free up space on your phone,0.13068233101321336
FilterGrid - Cam&Photo Editor,0.09263994537208824
Filters for B Live,0.16801767676767676
Filters for Selfie,0.09912037037037036
Final Fantasy XV: A New Empire,-0.023527279180463653
Financial Times,0.18463979076479073
Find Dining Restaurant Finder,0.3394679300291545
Find a Way: Addictive Puzzle,0.0696302333854417
Find&Save - Local Shopping,0.09095987726263012
FindShip,0.10044897504456328
Firefox Browser fast & private,0.11014201898945648
Firefox Focus: The privacy browser,0.2092485894097222
Fishdom,0.0595148493038343
Fitbit,0.24555465367965365
Flashlight,0.4054000850340136
Flashlight & LED Torch,0.24973333333333333
Flashlight - Torch LED Light,0.4045251322751323
Flashlight HD LED,0.4522039981091705
Flickr,0.17743249083092832
Flight & Hotel Booking App - ixigo,0.341024531024531
Flightradar24 Flight Tracker,0.19662472943722942
Flights,0.140565164002664
Flip the Gun - Simulator Game,-0.008393065268065292
FlipaClip - Cartoon animation,0.41264880952380956
Flipboard: News For Our Time,0.38586500305250304
Flipkart Online Shopping App,0.2915263605442177
Flipp - Weekly Shopping,0.3236720779220779
Flippy Campus - Buy & sell on campus at a discount,0.39528393175452
FlirtChat - ‚ô•Free Dating/Flirting App‚ô•,0.4209925788497217
Floor Plan Creator,0.26461547586547585
Flow Free,0.07076862709337588
Flowers Live Wallpaper,0.20517906336088154
Fly Delta,0.14325237137108363
FollowMyHealth¬Æ,0.18942767109847486
Font Studio- Photo Texts Image,0.08145920868347338
Food Calorie Calculator,0.09797280294231513
Food Network,0.028354857681442188
Fooducate Healthy Weight Loss & Calorie Counter,0.35421692335820487
"Foot Mercato : transferts, r√©sultats, news, live",0.3616373456790123
Football Live Scores,0.4050258891435362
ForecaWeather,0.36090676501860713
Fortune City - A Finance App,0.26696618341149586
Four In A Line,0.27484875723092933
Four In A Line Free,0.20236801881246325
Foursquare City Guide,0.20027867965367965
Foursquare Swarm: Check In,-0.06233983927949446
Fox Business,0.08882674106938812
"Fox News ‚Äì Breaking News, Live Video & News Alerts",0.021842715966092576
Fraction Calculator Plus Free,0.37264092538286087
Free & Premium VPN - FinchVPN,0.2176688508884801
Free Dating & Flirt Chat - Choice of Love,0.032965367965367955
Free Dating App & Flirt Chat - Cheers,0.3019262941919192
Free Dating App & Flirt Chat - Match with Singles,0.33969696969696966
Free Dating App - Meet Local Singles - Flirt Chat,-0.050325832956429964
"Free Dating App - YoCutie - Flirt, Chat & Meet",0.11783620099298064
Free Dating Hook Up Messenger,0.14728845283112993
Free Foreclosure Real Estate Search by USHUD.com,-0.03836728574277404
Free Hypnosis,0.27579490295815295
Free Live Talk-Video Call,-0.1
Free Panda Radio Music,0.25
Free Sports TV,0.16731858265191596
"Free TV Shows App:News, TV Series, Episode, Movies",0.2715553215553216
Free VIN Report for Used Cars,0.30857474747474745
Free live weather on screen,0.3942586105415053
"Free phone calls, free texting SMS on free number",0.22960420173961837
FreePrints ‚Äì Free Photos Delivered,0.4461811075370103
Freeletics: Personal Trainer & Fitness Workouts,0.2742506820436508
Freeme Launcher‚ÄîStylish Theme,0.3185
Fresh EBT - Food Stamp Balance,0.15972740535608182
FreshBooks Classic,0.10052989270057915
Frontback - Social Photos,0.20709648569023567
Frozen Free Fall,0.06010569985569984
Fruit Block - Puzzle Legend,-0.1833333333333333
Fruit Ninja¬Æ,0.15479454685099844
Fruits Bomb,0.20532335280753003
Fuelio: Gas log & costs,0.4408648682441296
Full Screen Caller ID,0.34557612414467254
Fun Kid Racing,0.26973829201101923
Fun Kid Racing - Motocross,0.19079545454545455
Funny Alarm Clock Ringtones,0.10838064006466784
Funny Pics,0.15368272005772005
Fuzzy Seasons: Animal Forest,0.16893322575242212
G Cloud Backup,0.28419198139025725
GANMA! - „Ç™„É™„Ç∏„Éä„É´Êº´Áîª„ÅåÂÖ®Ë©±ÁÑ°Êñô„ÅßË™≠„ÅøÊîæÈ°å,0.2916704576785222
"GCash - Buy Load, Pay Bills, Send Money",0.027082440851972103
GMAT Math Flashcards,0.41273599712401793
GMAT Question Bank,0.26889992360580595
GMX Mail,0.3400470779220779
"GO Keyboard - Cute Emojis, Themes and GIFs",0.2239008620689655
"GO Keyboard - Emoticon keyboard, Free Theme, GIF",0.3074404215313306
GO Notifier,0.06751958927510397
"GO SMS Pro - Messenger, Free Themes, Emoji",0.2024882756132756
"GO Weather - Widget, Theme, Wallpaper, Efficient",0.3334000273124918
GPS Map Free,0.7
GPS Speedometer and Odometer,0.6875
"GPS Speedometer, Distance Meter",0.3688950892857143
GPS Status & Toolbox,0.3980736961451247
GPS Traffic Speedcam Route Planner by ViaMichelin,0.2724778825671683
GRE Flashcards,0.26205528749799584
GRE Prep & Practice by Magoosh,0.38801571268237933
GRE Tutor,0.4086946386946387
GS SHOP,0.2391812865497076
GUNSHIP BATTLE: Helicopter 3D,0.02222591795753969
Galactic Core Free Wallpaper,0.24756756810576253
Galaxy Attack: Alien Shooter,0.07728975087930309
Game of Thrones: Conquest‚Ñ¢,0.1988888888888889
"Gametime - Tickets to Sports, Concerts, Theater",0.3797400972400972
Garden Coloring Book,0.2684828944203944
Garden Fruit Legend,0.24278846153846154
Garden Photo Frames - Garden Photo Editor,0.34213675213675215
Gardenscapes,0.019585137969696343
Garena Free Fire,0.071157869556908
Garmin Connect‚Ñ¢,0.15480992965367965
GasBuddy: Find Cheap Gas,0.2726742875180375
Gay Sugar Daddy Dating & Hookup ‚Äì Sudy Gay,0.20086835232668565
Gboard - the Google Keyboard,0.0645865156103643
Gems or jewels ?,0.14020820036445036
Genius Scan - PDF Scanner,0.24316067612942613
Gmail,0.07138310185185184
GoBank,0.039100828396805405
GoPro (formerly Capture),-0.007790556830735392
Goal Live Scores,0.17692905844155843
Goibibo - Flight Hotel Bus Car IRCTC Booking App,0.41273037391458445
Goku Wallpaper Art,0.4643197278911565
Gold Butterfly Keyboard Theme,0.4308228519166019
Golden Dictionary (EN-AR),0.34045045045045047
Golden Launcher,0.507079346092504
Goldstar: Live Event Tickets,0.5492664141414141
Golf Channel,-0.025728535353535364
Golf GPS Rangefinder: Golf Pad,0.2726327684661018
Golf GPS by SwingxSwing,0.2046785506160506
GolfLogix GPS + Putt Breaks,-0.07843205020288353
"GolfNow: Tee Time Deals at Golf Courses, Golf GPS",0.1683002897862067
Golfshot Plus: Golf GPS,0.3861793695887446
Golfshot: Golf GPS + Tee Times,0.34424886363636364
GoodRx Drug Prices and Coupons,0.25247104247104246
Google,0.2603594687476266
Google Ads,0.1399653371320038
Google Duo - High Quality Video Calls,0.2856898148148148
Google Earth,0.0949020549208519
Google Fit - Fitness Tracking,0.1300530303030303
Google Handwriting Input,0.2541081871345029
Google Keep,0.10001687003472717
Google My Business,0.26843628593628593
Google News,0.09391674022626403
Google PDF Viewer,0.10041042117604618
Google Pay,0.11568748609957398
Google Photos,0.14750958573897785
Google Primer,0.75
Google Slides,0.9333333333333332
Google Street View,-0.5
Google Translate,0.21416666666666664
Google Trips - Travel Planner,0.3
Google Voice,0.15247928503787878
Google+,0.3680555555555556
Granny,0.06462316388125873
Graphing Calculator,0.2458298171589311
Grim Soul: Dark Fantasy Survival,0.05230612867822011
Groovebook Photo Books & Gifts,0.1639216068452763
GroupMe,0.11844004086191585
"Groupon - Shop Deals, Discounts & Coupons",0.285940735479798
Grubhub: Food Delivery,0.12273932938406622
Guns of Glory,-0.1420604256854257
Gyft - Mobile Gift Card Wallet,-0.03364355250839038
H Pack,0.10824242424242422
H TV,0.3021153846153846
H&M,0.02447295645212312
HBO GO: Stream with TV Package,-0.055652711720192906
HD Camera,0.0
HD Camera - Best Cam with filters & panorama,0.22337962962962962
HD Camera - Quick Snap Photo & Video,0.45568627450980387
HD Camera Pro for Android,0.07683823529411767
HD Camera Ultra,0.15469866870710122
HD Camera for Android,0.37619140624999997
HD Movie Video Player,0.18601533086352817
HD Video Player,0.1979934210526316
HD Widgets,0.18181783519859554
HDFC Bank MobileBanking,0.11144867037724179
HESI A2 Pocket Prep,0.37914682539682537
HISTORY: Watch TV Show Full Episodes & Specials,0.2112787731438599
HTC Calendar,-0.03762626262626264
HTC File Manager,0.08894901394901396
HTC Gallery,0.031543995439084725
HTC Help,0.10687021254208755
HTC Lock Screen,0.031488187738187755
HTC Mail,0.07874792828699077
HTC Sense Input,0.024668154761904756
HTC Sense Input-AR,0.2875963541666667
HTC Service Ôºç DLNA,0.018377776127776118
HTC Service‚ÄîVideo Player,0.031498868996671724
HTC Social Plugin - Facebook,-0.05170496455042354
HTC Speak,0.0041057206682206535
HTC Weather,0.06762483062014055
Hacker's Keyboard,0.26137154546438207
Hairstyles step by step,0.47091306584362136
Hamilton ‚Äî The Official App,0.16104723181360084
Hangouts,0.2515033286340852
Happify,0.21889678030303028
Happy Birthday Songs Offline,0.36470588235294116
Happy Fruits Bomb - Cube Blast,0.023922799422799405
Happy Street,0.053588817866161605
Harkins Theatres,0.08864442831572625
Harry Potter: Hogwarts Mystery,0.057560539508836786
HauteLook,0.1720851370851371
Hay Day,0.019572348739842257
Haystack TV: Local & World News - Free,0.5295
Headspace: Meditation & Mindfulness,0.2270075757575757
Health and Nutrition Guide,0.39151077097505665
HealtheLife,0.06321230158730158
Healthy Recipes Free,0.4033939116439117
Helix Jump,0.09966548025873484
Hello Kitty Lunchbox,-0.05271838659706308
Hello Kitty Nail Salon,0.057448088948088935
Hello Stars,0.16833037194977493
"HelloTalk ‚Äî Chat, Speak & Learn Foreign Languages",0.20232638888888888
Hero Hunters,-0.021667189003126506
"Herpes Dating: 1,000K+ Singles",0.17410830442498967
Herpes Positive Singles Dating,0.3066502396413111
"Hide App, Private Dating, Safe Chat - PrivacyHider",-0.06963979416809606
"Hide Something - Photo, Video",0.2407102347883598
Hideman VPN,0.12164696116309019
High Blood Pressure Symptoms,0.4195335960960961
High-Powered Flashlight,0.3389572975023343
"High-Speed Camera (GIF,Burst)",0.34845679012345676
Hill Climb Racing,0.09099915000988382
Hill Climb Racing 2,0.16214076741018374
"Hily: Dating, Chat, Match, Meet & Hook up",0.033778594771241816
Hinge: Dating & Relationships,0.15679880237851251
HipChat - Chat Built for Teams,-0.037827876788915756
Hipmunk Hotels & Flights,0.5463015873015873
Hitwe - meet people and chat,-0.13945601851851852
"Hole19: Golf GPS App, Rangefinder & Scorecard",0.4436382623224729
Home Decor Showpiece Art making: Medium Difficulty,0.19186666666666669
Home Scouting¬Æ MLS Mobile,0.09093580898268398
Home Security Camera WardenCam - reuse old phones,0.20145736208236206
Home Street ‚Äì Home Design Game,0.11634259976695799
Home Workout - No Equipment,0.3383518564768565
Home Workout for Men - Bodybuilding,0.5234495192307692
"Home workouts - fat burning, abs, legs, arms,chest",0.4482204861111111
HomeWork,1.0
"Homes.com üè† For Sale, Rent",0.23836580086580086
Homescapes,0.038252643863011755
Homesnap Real Estate & Rentals,0.27684800170068025
Homestyler Interior Design & Decorating Ideas,0.1756305397541127
Homework Planner,0.2775236133048633
Honkai Impact 3rd,0.10148298021520948
Hopper - Watch & Book Flights,0.1780442098098064
Horoscopes ‚Äì Daily Zodiac Horoscope and Astrology,0.2643148577612863
Horses Live Wallpaper,0.3454586448904631
Hostelworld: Hostels & Cheap Hotels Travel App,0.2534184783470498
Hot Wheels: Race Off,-0.008838897907647945
HotelTonight: Book amazing deals at great hotels,0.32890805836770404
Hotels Combined - Cheap deals,0.16078538359788358
Hotels.com: Book Hotel Rooms & Find Vacation Deals,0.10162220664781063
Hotspot Shield Free VPN Proxy & Wi-Fi Security,0.25176470588235295
Hotstar,0.03817782617308288
Hotwire Hotel & Car Rental App,0.18702944624819623
Housing-Real Estate & Property,-0.021426982409125262
